KEY	English	Czech	German	Spanish	Finnish	French	Italian	Japanese	Korean	Dutch	Norwegian	Portuguese	Russian	Swedish	Turkish	Simplified Chinese	Traditional Chinese	Ukrainian	Danish	Thai	Polish	Romanian	Indonesia	Slovakian
abbr	en	cs	de	es	fi	fr	it	ja	ko	nl	nb	pt-BR	ru	sv	tr	zh-Hans	zh-Hant							
mp_description_msg	{0} supports Hybrid Multipoint, allowing you to connect to two devices at the same time. You can view your 4 most recent connections and have the option to reconnect, add, or remove devices.	{0} podporuje Hybrid Multipoint, což vám umožňuje připojit se ke dvěma zařízením současně. Můžete zobrazit 4 poslední připojení a máte možnost zařízení znovu připojit, přidat nebo odebrat.	{0} unterstützt Hybrid Multipoint, sodass Sie gleichzeitig eine Verbindung zu zwei Geräten herstellen können. Sie können Ihre vier letzten Verbindungen anzeigen und haben die Möglichkeit, Geräte erneut zu verbinden, hinzuzufügen oder zu entfernen.	{0} admite la función Multipunto híbrido, permitiéndole conectarse a dos dispositivos al mismo tiempo. Puede ver las 4 conexiones más recientes y tiene la opción de volver a conectarse a dispositivos, agregarlos o quitarlos.	{0} tukee hybridi-monipisteyhteyttä, jolloin voit muodostaa yhteyden kahteen laitteeseen samanaikaisesti. Voit tarkastella neljää viimeisintä yhteyttäsi, ja sinulla on mahdollisuus muodostaa yhteys uudelleen, lisätä tai poistaa laitteita.	{0} prend en charge la connexion multi-appareils hybride (Hybrid Multipoint), ce qui vous permet de vous connecter à deux appareils en même temps. Vous pouvez afficher vos 4 connexions les plus récentes et avez la possibilité de reconnecter, d'ajouter ou de supprimer des appareils.	{0} supporta Multipunto ibrido, che consente di connettersi a due dispositivi contemporaneamente. È possibile visualizzare le 4 connessioni più recenti e avere la possibilità di riconnettersi, aggiungere o rimuovere dispositivi.	{0} はハイブリッドマルチポイント接続に対応しており、2台の機器と同時に接続することができます。ここでは最近接続した4つの機器が表示されており、機器の再接続、追加、削除を行うことができます。	{0} 은(는) Hybrid Multipoint를 지원해, 두 개의 장치를 동시에 연결할 수 있습니다. 최근 4개의 연결을 확인할 수 있으며, 장치 재연결, 추가, 제거 옵션이 있습니다.	{0} ondersteunt Hybride multipunt waarmee u twee apparaten tegelijk kunt aansluiten. U kunt uw 4 recentste verbindingen weergeven en u hebt de optie om apparaten opnieuw aan te sluiten, toe te voegen of te verwijderen.	{0} støtter Hybrid multipunkt slik at du kan koble til to enheter samtidig. Du kan se de 4 siste tilkoblingene og koble til på nytt, legge til eller fjerne enheter.	{0} suporta multiponto híbrido, permitindo-lhe ligar-se a dois dispositivos em simultâneo. Pode visualizar as suas 4 ligações mais recentes e tem a opção de voltar a ligar, adicionar ou remover dispositivos.	{0} поддерживает гибридную многоточечную технологию, позволяющую подключаться к двум устройствам одновременно. Можно просмотреть 4 последних подключения, а также повторно подключить, добавить или удалить устройства.	{0} stödjer Hybrid Multipoint (Hybrid multipunkt), så att du kan ansluta till två enheter samtidigt. Du kan visa dina fyra senaste anslutningar och har möjlighet att välja om du vill återansluta, lägga till eller ta bort enheter.	{0}, aynı anda iki cihaza bağlanmanıza olanak tanıyan Hibrit Çok Noktayı destekler. Son 4 bağlantınızı görüntüleyebilir, yeniden bağlanma, cihaz ekleme veya kaldırma seçeneklerine sahip olabilirsiniz.	{0} 支持多点连接功能，可同时连接两个设备。您可以在此查看最近连接的四个设备，并在此进行设备连接、添加和删除。	{0} 支援多點連接功能，可同時連接兩個裝置。您可以在此查看最近連接的四個裝置，並在此進行裝置連接、新增和刪除。	{0} підтримує Hybrid Multipoint, надаючи можливість одночасно підключатися до двох пристроїв Можна переглянути 4 найновіші підключення і повторно підключити, додати або видалити пристрої.	{0} understøtter Hybrid Multipoint, så du kan oprette forbindelse til to enheder på samme tid. Du kan se de sidste 4 forbindelser, og du kan genoprette forbindelse til enheder, og tilføje eller fjerne enheder.	{0} รองรับคุณสมบัติไฮบริดมัลติพอยต์ ช่วยให้คุณเชื่อมต่อกับอุปกรณ์ 2 เครื่องพร้อมกันได้ คุณสามารถดูการเชื่อมต่อ 4 รายการล่าสุด และมีตัวเลือกสำหรับการเชื่อมต่อใหม่ เพิ่ม หรือลบอุปกรณ์	{0} obsługuje hybrydowy tryb wielopunktowy, co umożliwia nawiązanie połączenia z dwoma urządzeniami jednocześnie. Można wyświetlić 4 ostatnie połączenia i skorzystać z opcji ponownego połączenia, dodania lub usunięcia urządzeń.	{0} acceptă Hybrid Multipoint (Mai multe puncte hibride), ceea ce vă permite să vă conectați la două dispozitive în același timp. Puteți vedea cele mai recente 4 conexiuni și aveți opțiunea de a reconecta, a adăuga sau a elimina dispozitive.	{0} mendukung Hybrid Multipoint, sehingga Anda dapat menyambungkan ke dua perangkat sekaligus. Anda dapat melihat 4 koneksi terbaru Anda dan memiliki opsi untuk menyambungkan kembali, menambah, atau menghapus perangkat.	{0} podporuje hybridný viacbodový, čo vám umožňuje súčasne pripojiť dve zariadenia. Zobraziť môžete 4 najnovšie pripojenia a mať možnosť zariadenia znova pripojiť, pridať alebo odstrániť.
prompt_battery	1. Ensure that the battery levels of your earbuds, charging case, and smartphone are at least 30%.	1. Zkontrolujte, zda úroveň nabití baterie vašich sluchátek, nabíjecího pouzdra a smartphonu je alespoň 30 %.	1. Stellen Sie sicher, dass der Akkustand Ihrer Ohrhörer, Ihres Ladebehälters und Ihres Smartphones mindestens 30% beträgt.	1. Asegúrese de que los niveles de batería de los miniauriculares, del estuche de carga y del teléfono inteligente sean de al menos el 30 %.	1. Varmista, että kuulokkeiden, latauskotelon ja älypuhelimen akun varaustaso on vähintään 30 %.	1. Assurez-vous que les niveaux de batterie de vos écouteurs, du boîtier de charge et du smartphone sont à au moins 30%.	1. Assicurarsi che i livelli di carica della batteria degli auricolari, della custodia di carica e dello smartphone sia almeno del 30%.	1. イヤホン、充電ケース、スマートフォンのバッテリー残量が 30% 以上であることを確認してください。	1. 이어버드, 충전 케이스 및 스마트폰의 배터리 잔량이 30% 이상인지 확인하십시오.	1. Controleer of de batterijniveaus van uw earbuds, laadstation en smartphone minstens 30% bedragen.	1. Sørg for at batterinivået til ørepluggene, ladedekselet og smarttelefonen er minst 30 %.	1. Certifique-se de que os níveis de bateria dos auriculares, da caixa de carregamento e do smartphone são de pelo menos 30%.	1. Убедитесь, что заряд наушников и зарядного чехла составляет не менее 30%.	1. Hörsnäckornas batterinivå, laddningsfodral och smarttelefon måste vara minst 30 %.	1. Kulaklıklarınızın, şarj kutunuzun ve akıllı telefonunuzun pil seviyelerinin en az %30 olduğundan emin olun.	1. 请确认耳机、充电盒与手机电量大于 30%。	1. 請確認耳機、充電盒與手機電量大於 30%。	1. Переконайтеся, що рівень заряду акумулятора навушників, зарядного футляра та смартфона становить щонайменше 30%.	1. Sørg for, at batteriet i dine hovedtelefoner, opladningsetuiet og mobiltelefonen er mindst 30 %.	1. ตรวจสอบว่าระดับแบตเตอรี่ของเอียร์บัด กล่องชาร์จ และสมาร์ทโฟนของคุณอยู่ที่อย่างน้อย 30%	1. Upewnij się, że poziom baterii słuchawek, etui ładującego i smartfona wynosi co najmniej 30%.	1. Asigurați-vă că nivelul bateriei căștilor, al carcasei de încărcare și al telefonului este de cel puțin 30%.	1. Pastikan tingkat daya baterai earbud, casing pengisi daya, dan smartphone Anda minimal 30%.	
prompt_music	2. Turn off music playback.	2. Vypněte přehrávání hudby.	2. Deaktivieren Sie die Musikwiedergabe.	2. Schalten Sie die Musikwiedergabe aus.	2. Sammuta musiikin toisto.	2. Stoppez la lecture de musique.	2. Stoppez la lecture de musique.	2. メディアの再生を停止します。	2. 음악 재생을 끄십시오.	2. Schakel de muziekweergave uit.	2. Slå av musikkavspilling.	2. Interrompa a reprodução de música.	2. Отключите воспроизведение музыки.	2. Stäng av musikuppspelningen.	2. Müzik çalmayı kapatın.	2. 请关闭音乐播放。	2. 請關閉音樂播放。	2. Вимкніть відтворення музики.	2. Stop musikafspilningen.	2. ปิดการเล่นเพลง	2. Wyłącz odtwarzanie muzyki.	2. Opriți redarea muzicii.	2. Nonaktifkan pemutaran musik.	
answer_call	Answer Call	Přijmout hovor	Anruf annehmen	Responder a la llamada	Vastaa puheluun	Répondre à un appel	Rispondi a chiamata	着信応答	전화 받기	Oproep beantwoorden	Besvar anrop	Atender chamada	Ответить на вызов	Svara på samtalet	Aramayı Cevapla	接听通话	接聽通話	Відповісти на дзвінок	Besvar opkald	รับสาย	Odbierz połączenie	Preluare apel	Jawab Panggilan	
apply	Apply	Použít	Übernehmen	Aplicar	Käytä	Appliquer	Applica	適用	적용	Toepassen	Bruk	Aplicar	Применить	Verkställ	Uygula	应用	套用	Застосувати	Anvend	ปรับใช้	Zastosuj	Aplicare	Terapkan	
audio	Audio	Zvuk	Audio	Audio	Audio	Audio	Audio	オーディオ	오디오	Audio	Lyd	Áudio	Звук	Ljud	Ses	音效	音效	Аудіо	Lyd	เสียง	Audio	Audio	Audio	
audio_profile	Audio Profile	Zvukový profil	Audioprofil	Perfil de audio	Ääniprofiili	Profil audio	Profilo audio	オーディオプロファイル	오디오 프로필	Audioprofiel	Lydprofil	Perfil de áudio	Звуковой профиль	Ljudprofil	Ses Profili	音效配置文件	音效設定檔	Профіль аудіо	Lydprofil	โปรไฟล์เสียง	Profil audio	Profil audio	Profil Audio	Zvukový profil
audio_effect_bass_boost	Bass Boost	Zesílení basů	Bass Boost (Bassverstärkung)	Realce de graves	Basson tehostus	Renforcement des basses	Amplificazione bassi	バスブースト	저음 증가	Lage tonen versterken	Bassforsterker	Amplificar graves	Усиление басов	Basförstärkning	Bas Artırma	低音增强	低音增益	Посилення басів	Basforstærkning	การเพิ่มเสียงเบส	Wzmocnienie tonów niskich	Amplificare bas	Peningkat Bass	
breathing	Breathing	Pulzující	Pulsierend	Respiración	Hengitys	Pulsation	Respiro	ゆっくり点滅	브리딩	Ademend	Puster	Respiração	Дыхание	Pulsering	Nefes Alıp Verme	呼吸	呼吸	Пульсація	Åndedræt	จังหวะลมหายใจ	Oddychające	Respirație	Bernapas	
brightness	Brightness	Jas	Helligkeit	Brillo	Kirkkaus	Luminosité	Luminosità	輝度	밝기	Helderheid	Lysstyrke	Brilho	Яркость	Ljusstyrka	Parlaklık	亮度	亮度	Яскравість	Lysstyrke	ความสว่าง	Jasność	Luminozitate	Kecerahan	
cancel	Cancel	Zrušit	Abbrechen	Cancelar	Peru	Annuler	Annulla	キャンセル	취소	Annuleren	Avbryt	Cancelar	Отмена	Avbryt	İptal	取消	取消	Скасувати	Annuller	ยกเลิก	Anuluj	Anulare	Batal	
charging	Charging	Nabíjení	Wird aufgeladen	Cargando	Lataus meneillään	Charge en cours	Caricamento in corso	充電中	충전 중	Bezig met laden	Lader	A carregar	Зарядка	Laddar	Şarj oluyor	正在充电	充電中	Зарядження	Opladning	กำลังชาร์จ	Ładowanie	Încărcare	Mengisi daya	
eq_profile_classic	Classic	Vážná hudba	Klassisch	Clásico	Klassinen	Classique	Classica	クラシック	클래식	Klassiek	Klassisk	Clássica	Классика	Klassisk	Klasik	古典	古典	Класика	Klassisk	คลาสสิก	Klasyczna	Clasic	Klasik	
mp_link	Connect	Připojit	Verbinden	Conectar	Yhdistäminen	Connecter	Connetti	接続	연결	Verbinden	Koble til	Ligar	Подключить	Anslut	Bağlan	连接	連線	Підключити	Forbind	เชื่อมต่อ	Połącz	Conectare	Sambungkan	
case_hint	Currently not showing real-time battery level. To see the real-time battery level, place the earbuds in their charging case with the charging case open.	Aktuálně se nezobrazuje stav baterie v reálném čase. Chcete-li zobrazit úroveň nabití baterie v reálném čase, vložte sluchátka do nabíjecího pouzdra a nechte jej otevřené.	Aktuell wird nicht der absolute Akkustand angezeigt. Um den absoluten Akkustand zu sehen, legen Sie die Ohrhörer in den geöffneten Ladebehälter.	Actualmente no se muestra el nivel de batería en tiempo real. Para ver el nivel de batería en tiempo real, coloque los miniauriculares en su estuche de carga con este abierto.	Tällä hetkellä ei näytä reaaliaikaista akun varaustasoa. Jos haluat nähdä reaaliaikaisen akun varaustason, aseta kuulokkeet latauskoteloonsa latauskotelo auki.	Actuellement, le niveau de batterie n'est pas affiché en temps réel. Pour voir le niveau de batterie en temps réel, placez les écouteurs dans leur boîtier de charge, en gardant le boîtier ouvert.	Al momento non viene visualizzato il livello di carica della batteria in tempo reale. Per visualizzare il livello di carica della batteria in tempo reale, collocare gli auricolari nella custodia di carica con la custodia di carica aperta.	現在、リアルタイムのバッテリー残量は表示されません。リアルタイムのバッテリー残量を確認するには、イヤホンを充電ケースに入れ、ふたを開けた状態にします。	현재 배터리 잔량이 실시간으로 표시되지 않습니다. 배터리 잔량을 실시간으로 표시하려면 충전 케이스를 연 상태에서 이어버드를 충전 케이스에 넣으십시오.	Batterijniveau wordt momenteel niet in realtime weergeven. Om het batterijniveau in realtime te zien, plaatst u de earbuds in hun laadstation terwijl dat open is.	Viser for øyeblikket ikke batterinivå i sanntid. For å se batterinivået i sanntid må du sette ørepluggene i ladeesken med ladeesken åpen.	De momento, não mostra o nível da bateria em tempo real. Para ver o nível da bateria em tempo real, coloque os auriculares na sua caixa de carregamento com a caixa de carregamento aberta.	В данный момент уровень заряда батареи не обновляется в реальном времени. Для обновления информации в реальном времени поместите наушники в зарядный чехол и оставьте его открытым.	Visar för närvarande inte batterinivå i realtid. För att visa batterinivån i realtid, placera hörsnäckorna i sitt laddfodral med laddfodralet öppet.	Şu anda gerçek zamanlı pil seviyesi gösterilmiyor. Gerçek zamanlı pil seviyesini görmek için kulaklıkları, şarj kutusu açık olacak şekilde şarj kutusuna yerleştirin.	非实时电量，如需确认实时电量，请将耳机放入充电盒中，并保持充电盒开启。	非即時電量，若需確認即時電量，請將耳機放入充電盒中，並保持充電盒開啟。	Наразі не відображається рівень заряду акумулятора в реальному часі. Аби побачити рівень заряду акумулятора в реальному часі, помістіть навушники в зарядний футляр із відкритим зарядним футляром.	Viser i øjeblikket ikke batteristrømmen i realtid. For at se batteristrømmen i realtid, skal du placere hovedtelefonerne i opladningsetuiet med opladningsetuiet åbent.	ขณะนี้ไม่แสดงระดับแบตเตอรี่แบบเรียลไทม์ หากต้องการดูระดับแบตเตอรี่แบบเรียลไทม์ ให้วางเอียร์บัดไว้ในกล่องชาร์จโดยเปิดกล่องชาร์จไว้	Poziom baterii w czasie rzeczywistym nie jest aktualnie wskazywany. Aby sprawdzić poziom baterii w czasie rzeczywistym, włóż słuchawki do etui ładującego, pozostawiając je otwarte.	În prezent nu se afișează nivelul bateriei în timp real. Pentru a vedea nivelul bateriei în timp real, puneți căștile în carcasa de încărcare, cu aceasta deschisă.	Saat ini tidak menunjukkan tingkat daya baterai secara real-time. Untuk melihat tingkat daya baterai secara real-time, letakkan earbud di casing pengisi dayanya dengan casing pengisi daya terbuka.	V súčasnosti sa nezobrazuje reálny čas úrovne nabitia batérie. Ak chcete vidieť reálny čas úrovne nabitia batérie, slúchadlá do uší vložte do ich nabíjacieho puzdra a nechajte ho otvorený.
audio_profile_customize	Customize	Přizpůsobit	Anpassen	Personalizar	Mukauta	Personnaliser	Personalizza	カスタマイズ	사용자 지정	Aanpassen	Anpassa	Personalizar	Настройка	Anpassa	Özelleştir	自定义	自定義	Пристосувати	Tilpas	ปรับแต่ง	Dostosuj	Personalizare	Ubah	
eq_profile_customize	Customize	Přizpůsobit	Anpassen	Personalizar	Mukauta	Personnaliser	Personalizza	カスタマイズ	사용자 지정	Aanpassen	Anpassa	Personalizar	Настройка	Anpassa	Özelleştir	自定义	自定義	Пристосувати	Tilpas	ปรับแต่ง	Dostosuj	Personalizare	Ubah	
eq_profile_default	Default	Výchozí	Standard	Predeterminado	Oletus	Par défaut	Predefinito	オフ	기본	Standaard	Standard	Predefinição	По умолчанию	Standard	Varsayılan	默认	預設	За замовчуванням	Standard	ค่าเริ่มต้น	Domyślne	Predefinit	Default	
device_manager	Device Manager	Správce zařízení	Gerätemanager	Administrador de dispositivos	Laitehallinta	Gestionnaire de périphériques	Gestione dispositivi	デバイスマネージャー	장치 관리자	Apparaatbeheer	Enhetsbehandling	Gestor de dispositivos	Диспетчер устройств	Enhetshanterare	Aygıt Yöneticisi	设备管理员	裝置管理員	Диспетчер пристроїв	Enhedsstyring	ตัวจัดการอุปกรณ์	Menadżer urządzeń	Manager dispozitiv	Perangkat Pengelola	Správca zariadení
device_version	Device version:	Verze zařízení:	Geräteversion:	Versión del dispositivo:	Laiteversio:	Version de l'appareil :	Versione dispositivo:	デバイス ファームウェア バージョン:	장치 버전:	Apparaatversie:	Enhetsversjon:	Versão do dispositivo:	Версия прошивки:	Enhetsversion:	Aygıt sürümü:	设备当前版本：	裝置目前版本：	Версія пристрою:	Enhedsversion:	เวอร์ชันอุปกรณ์:	Wersja urządzenia:	Versiune dispozitiv:	Versi perangkat:	
low_power_switch_description	Disable low battery voice prompt.	Deaktivovat hlasové oznámení nízkého napětí baterie.	Deaktivieren Sie die Sprachansage bei niedrigem Akkustand.	Deshabilitar el aviso de voz de batería baja.	Poista akun heikko akun äänikehote käytöstä.	Désactiver l'invite vocale de batterie faible.	Disattiva prompt voce batteria Scarica.	バッテリー残量低下時の音声通知を無効にする	낮은 배터리 음성 프롬프트 비활성화.	Spraakbericht lage batterij uitschakelen.	Deaktiver talemelding ved lite batteri.	Desativar o aviso de voz de bateria fraca.	Отключить голосовую подсказку о снижении заряда аккумулятора.	Inaktivera röstmeddelande om låg batterinivå.	Düşük pil sesli istemini devre dışı bırakın.	停用低电量语音提示。	停用低電量語音提示。	Вимкнути голосові підказки низького заряду акумулятора.	Deaktiver stemmemeddelelse på lav batteristrøm.	ปิดใช้งานการแจ้งเตือนด้วยเสียงเมื่อแบตเตอรี่ต่ำ	Wyłącz powiadomienia głosowe o niskim poziomie baterii.	Dezactivați mesajul vocal de baterie descărcată.	Menonaktifkan wantian (prompt) suara baterai lemah.	Vypnite hlasovú výzvu slabej batérie.
disconnected	Disconnected	Odpojeno	Verbindung getrennt	Desconectado	Katkaise yhteysd	Déconnecté	Disconnesso	未接続	연결 끊김	Verbinding verbroken	Koble fra	Desligado	Отключено	Frånkopplad	Bağlantı kesildi	未连接	未連線	Відключено	Afbrudt	ตัดการเชื่อมต่อแล้ว	Rozłączono	Deconectat	Sambungan terputus	
upgrading_hint	Do not close the app, turn off the screen, or use headphones until the update is complete.	Dokud nebude aktualizace dokončena, nezavírejte aplikaci, nevypínejte obrazovku ani nepoužívejte sluchátka.	Schließen Sie die App nicht, schalten Sie den Bildschirm nicht aus und verwenden Sie keine Kopfhörer, bis das Update abgeschlossen ist.	No cierre la aplicación, no apague la pantalla ni use auriculares hasta que se complete la actualización.	Älä sulje sovellusta, sammuta näyttöä tai käytä kuulokkeita, ennen kuin päivitys on valmis.	Ne fermez pas l'application, n'éteignez pas l'écran et n'utilisez pas d'écouteurs tant que la mise à jour n'est pas terminée.	Non chiudere l’app, spegnere lo schermo, o usare cuffie fino al completamento dell’aggiornamento	更新中は「アプリを閉じる」「画面をオフにする」「デバイスを使用する」ことはしないでください。	업데이트가 완료될 때까지 앱을 닫거나, 화면을 종료하거나, 헤드폰을 사용하지 마십시오.	Sluit de app niet, schakel het scherm niet uit of gebruik geen hoofdtelefoon zolang de update niet is voltooid.	Ikke lukk appen, slå av skjermen eller bruk hodetelefoner før oppdateringen er fullført.	Não feche a aplicação, não desligue o ecrã nem utilize auscultadores até que a atualização esteja concluída.	Не закрывайте приложение, не выключайте экран и не используйте наушники до завершения обновления.	Stäng inte appen eller skärmen och använd inte hörlurar förrän uppdateringen är klar.	Güncelleme tamamlanana kadar uygulamayı kapatmayın, ekranı kapatmayın veya kulaklık kullanmayın.	在更新完成前，请勿关闭软件、手机屏幕或使用耳机。	在更新完成前，請勿關閉軟體、手機螢幕或使用耳機。	Не закривайте цей додаток, не вимикайте екран і не користуйтеся гарнітурою до завершення поновлення	Undgå, at lukke appen, slukke skærmen eller bruge hovedtelefoner, før opdateringen er færdig.	อย่าปิดแอป ปิดหน้าจอ หรือใช้หูฟังจนกว่าการอัปเดตจะเสร็จสมบูรณ์	Do momentu zakończenia aktualizacji nie należy zamykać aplikacji, wyłączać ekranu ani korzystać ze słuchawek.	Nu închideți aplicația, nu închideți ecranul și nu folosiți căștile până la finalizarea actualizării.	Jangan tutup aplikasi, matikan layar, atau gunakan penyuara jemala (headphone) hingga pembaruan selesai.	Nezatvárajte aplikáciu, vypnite obrazovku alebo, kým nebude dokončená aktualizácia, používajte slúchadlá.
do_not_show_again	Do not show again	Již znovu nezobrazovat	Nicht wieder anzeigen	No mostrar de nuevo	Älä näytä uudelleen	Ne plus afficher ce message	Non visualizzare più	次から表示しない	다시 보지 않음	Niet meer weergeven.	Ikke vis dette igjen	Não voltar a mostrar	Больше не показывать	Visa inte igen	Tekrar gösterme	不再显示	不再顯示	Більше не показувати	Vis ikke igen	ไม่ต้องแสดงอีก	Nie pokazuj ponownie	Nu mai afișați	Jangan tampilkan lagi	Nezobrazovať znova
end_call	End/Decline Call	Ukončit/odmítnout hovor	Anruf beenden/ablehnen	Terminar/Rechazar llamada	Puhelun lopettaminen/hylkääminen	Terminer / Refuser l'appel	Termina/rifiuta chiamata	通話の終了/拒否	통화 종료/거절	Oproepen beëindigen/weigeren	Avslutt/avslå et anrop	Terminar/rejeitar chamada	Завершение/отклонение вызова	Avsluta/Avvisa samtal	Aramayı Sonlandır/Reddet	结束 / 拒听通话	結束 / 拒聽通話	Закінчити/Відхилити виклик	Afslut/Afvis opkald	วางสาย/ปฏิเสธสาย	Zakończ/odrzuć połączenie	End/Decline Call (Terminare/Respingere apel)	Akhiri/Tolak Panggilan	Ukončiť/odmietnuť hovor
english	English	Angličtina	Englisch	Inglés	Englanti	Anglais	Inglese	英語	영어	Engels	Norsk	Inglês	Английский	Engelska	Türkçe	英文	英文	Англійська	Dansk	ภาษาไทย	Angielski	Engleză	Inggris	Angličtina
audio_effect_equalizer	Equalizer	Ekvalizér	Equalizer	Ecualizador	Taajuuskorjain	Égaliseur	Equalizzatore	イコライザー	이퀄라이저	Equaliser	Equalizer	Equalizador	Эквалайзер	Equalizer	Ekolayzer	均衡器	等化器	Еквалайзер	Equalizer	อีควอไลเซอร์	Korektor	Egalizator	Equalizer	
gesture_factory	Factory Default	Výchozí tovární nastavení	Standard-Werkseinstellungen	Valor predeterminado de fábrica	Tehdasasetukset	Paramètres par défaut	Impostazione di fabbrica	工場出荷状態にリセット	공장 기본값	Fabrieksstandaard	Fabrikkstandard	Predefinição de fábrica	Заводские настройки:	Fabriksinställning	Fabrika Ayarı	还原出厂默认值	還原出廠預設值	Фабричні за замовчуванням	Fabriksindstillinger	ค่าเริ่มต้นจากโรงงาน	Domyślne ustawienia fabryczne	Predefinit din fabrică	Default Pabrik	Predvolené nastavenie z výroby
firmware_update	Firmware Update	Aktualizace firmwaru	Firmwareaktualisierung	Actualización del firmware	Laiteohjelmiston päivitys	Mise à jour du firmware	Aggiornamento del firmware	ファームウェアの更新	펌웨어 업데이트	Firmware-update	Oppdatering av fastvare	Atualização de firmware	Обновление прошивки	Uppdatering av inbyggd programvara	Aygıt Yazılımı Güncellemesi	固件更新	韌體更新	Оновлення прошивки	Firmwareopdatering	อัปเดตเฟิร์มแวร์	Aktualizacja oprogramowania sprzętowego	Actualizare firmware	Pembaruan Firmware	
audio_profile_flat	Flat	Plochý	Ausbalanciert	Plano	Litteä	Plat	Piatto	フラット	평면	Vlak	Flat	Plano	По умолчанию	Platt	Düz	均衡	均衡	Плоский	Flad	แบน	Płaski	Echilibrat	Datar	
audio_profile_fps	FPS	FPS	Ego-Shooter	FPS	FPS	FPS	FPS	FPS	FPS	Frames per seconde	Skytespill	FPS	Шутеры	FPS	FPS	射击	射擊	FPS	FPS	FPS	FPS	FPS	FPS	
gaming_mode	Gaming Mode	Herní režim	Spielmodus	Modo de juego	Pelitila	Mode jeu	Modalità di gioco	ゲーミングモード	게임 모드	Gamingmodus	Spillmodus	Modo de Jogo	Игровой режим	Spelläge	Oyun Modu	电竞模式	電競模式	Ігровий режим	Spilfunktion	โหมดการเล่นเกม	Tryb Gry	Modul Jocuri	Mode Game	Herný režim
gaming_mode_on_off	Gaming mode on/off	Zapnutí/vypnutí herního režimu	Gaming-Modus ein/aus	Activación/desactivación del modo de juego	Pelitila päällä/pois	Mode jeu activé/désactivé	Modalità di gioco attivata/disattivata	ゲーミングモード オン/オフ	게이밍 모드 켜기/끄기	Gamingmodus aan/uit	Gaming-modus PÅ/AV	Modo de jogo ativado/desativado	Включение/выключение игрового режима	Spelläge på/av	Oyun modu açık/kapalı	游戏模式 开 / 关	遊戲模式 開 / 關	Увімк./Вимк. Режим гри	Spilfunktion til/fra	เปิด/ปิดโหมดเกม	Włączanie/wyłączanie trybu gier	Activați/dezactivați modul de joc	Mengaktifkan/menonaktifkan mode permainan	Zapnúť/vypnúť herný režim
gesture	Gesture	Gesto	Gesten	Gesto	Ele	Gestes	Movimento	ジェスチャー	제스처	Beweging	Bevegelse	Gesto	Жест	Gest	Mimik	手势	手勢	Жест	Fingerbevægelser	รูปแบบลายเส้น	Gesty	Gest	Gerakan	
gesture_instructions	Gesture Instructions	Pokyny pro gesta	Gesten-Anweisungen	Instrucciones de gestos	Eleohjeet	Instructions des gestes	Istruzioni sui gesti	操作説明	제스처 지침	Bewegingsinstructies	Bevegelsesinstruksjoner	Instruções para gestos	Инструкции по жестам	Gestinstruktioner	Hareket Talimatları	手势操作说明	手勢操作說明	Жестові інструкції	Vejledninger til betjening med fingrene	คำแนะนำรูปแบบลายเส้น	Instrukcje z gestami	Instrucțiuni pentru gesturi	Petunjuk Gerakan	Príkazy gestom
high	High	Vysoká	Hoch	Alto	Korkea	Élevé	Alta	高	높게	Hoog	Høy	Alto	Высокий	Hög	Yüksek	高	高	Висока	Høj	สูง	Wysoka	Ridicat	Tinggi	
rgb_dialog_title	High Power Consumption	Vysoká spotřeba energie	Hoher Stromverbrauch	Alto consumo de energía	Korkea virrankulutus	Consommation électrique élevée	Consumo energetico elevato	高消費電力	높은 전력 소비	Hoog stroomverbruik	Høyt strømforbruk	Alto consumo de energia	Высокая потребляемая мощность	Hög energiförbrukning	Yüksek Güç Tüketimi	高耗电	高耗電	Високе енергоспоживання	Høj strømforbrug	การใช้พลังงานสูง	Duże zużycie energii	Consum de energie ridicat	Konsumsi Daya Tinggi	Vysoká spotreba energie
eq_profile_hiphop	Hip hop	Hip hop	Hip Hop	Hip hop	Hip hop	Hip Hop	Hip Hop	ヒップホップ	힙합	Hiphop	Hip-hop	Hip hop	Хип-хоп	Hiphop	Hip hop	嘻哈	嘻哈	Хіп-хоп	Hip hop	ฮิปฮอป	Hip hop	Hip hop	Hip Hop	
gesture_hold_both_10_sec	Hold both earbuds for 10 sec	Podržte obě sluchátka po dobu 10 sekund	Für beide Ohrhörer 10 Sekunden lang halten	Mantener ambos auriculares durante 10 segundos	Pidä molempia kuulokkeita 10 sekunnin ajan	Maintenez les deux écouteurs pendant 10 secondes	Tenere premuti entrambi gli auricolari per 10 sec	左右両方のセンサーを10秒間長押し	이어버드 두 개를 10초 누르기	Beide earbuds 10 sec. vasthouden	Hold begge øreproppene i 10 sek	Segurar ambos os auriculares durante 10 segundos	Удерживайте оба наушника в течение 10 секунд	Håll båda örsnäckorna intryckta i 10 sek	Her iki kulaklığı da 10 saniye basılı tutun	双耳同时按住 10 秒	雙耳同時按住 10 秒	Утримувати обидва навушники-вкладиші 10 сек	Hold fingeren på begge hovedtelefoner i 10 sekunder	กดเอียร์บัดทั้งสองข้างค้างไว้ 10 วินาที	Przytrzymaj obie słuchawki douszne przez 10 s	Țineți ambele căști intraauriculare timp de 10 secunde	Tahan kedua earbud (penyuara telinga) selama 10 detik	Obidve slúchadlá do uší podržať na 10 sekúnd
hold_for_2_sec	Hold for 2 sec	Podržte 2 sekundy	2 Sekunden lang halten	Mantener durante 2 segundos	Pidä 2 sekuntia	Maintenez pendant 2 secondes	Tenere premuto per 2 sec.	2秒間長押し	2초 누르기	2 sec. vasthouden	Hold inne i 2 sek.	Segurar durante 2 s	Удерживайте в течение 2 секунд	Håll intryckt i 2 sek	2 saniye bekleyin	按住 2 秒	按住 2 秒	Утримувати 2 сек	Holdes nede i 2 sekunder	กดค้างไว้ 2 วินาที	Przytrzymaj przez 2 s	Țineți timp de 2 secunde	Tahan selama 2 detik	Podržať na 2 sekundy
gesture_hold_3_sec	Hold for 3 sec	Podržte 3 sekundy	3 Sekunden lang halten	Mantener durante 3 segundos	Pidä 3 sekuntia	Maintenez pendant 3 secondes	Tenere premuto per 3 sec.	3秒間長押し	3초 누르기	3 sec. vasthouden	Hold inne i 3 sek.	Segurar durante 3 s	Удерживайте в течение 3 секунд	Håll intryckt i 3 sek	3 saniye bekleyin	按住 3 秒	按住 3 秒	Утримувати 3 сек	Holdes nede i 3 sekunder	กดค้างไว้ 3 วินาที	Przytrzymaj przez 3 s	Țineți timp de 3 secunde	Tahan selama 3 detik	Podržať na 3 sekundy
mp_hybrid_multipoint	Hybrid Multipoint	Hybridní vícebodový	Verbindung mit mehreren Geräten	Multipunto híbrido	Hybridi-monipiste	Connexion multi-appareils hybride	Multipunto ibrido	ハイブリッド マルチポイント	하이브리드 멀티포인트	Hybride multipunt	Hybrid multipunkt	Multiponto híbrido	Подключение нескольких устройств	Hybrid Flerpunkt	Hibrit Çok Noktalı	双模多点连接	雙模多點連線	Гібридна мультиточка	Hybrid-multipunkt	ไฮบริดมัลติพอยด์	Hybrydowy tryb wielopunktowy	Multipunct hibrid	Multi-titik Hibrid	Viacbodový hybridný
mp_description_title	Instructions	Pokyny	Anweisungen	Instrucciones	Ohjeet	Instructions	Istruzioni	使用方法	지침	Instructies	Instruksjoner	Instruções	Инструкции	Instruktioner	Talimatlar	操作说明	操作說明	Інструкції	Vejledninger	คำสั่ง	Instrukcje	Instrucțiuni	Petunjuk	
eq_profile_jazz	Jazz	Jazz	Jazz	Jazz	Jazz	Jazz	Jazz	ジャズ	재즈	Jazz	Jazz	Jazz	Джаз	Jazz	Caz	爵士乐	爵士樂	Джаз	Jazz	แจ๊ส	Jazz	Jazz	Jazz	
left	Left	Vlevo	Links	Izquierda	Vasemmalle	Gauche	Sinistra	左面	왼쪽	Links	Venstre	Esquerda	Влево	Vänster	Sol	左侧	左側	Зліва	Venstre	ด้านซ้าย	Lewo	Stânga	Kiri	
lighting	Lighting	Osvětlení	Beleuchtung	Iluminación	Valo	Éclairage	Illuminazione	LED ライト	조명	Verlichting	Lampe	Iluminação	Подсветка	Belysning	Aydınlatma	灯光	燈光	Підсвічування	Belysning	ไฟ	Podświetlenie	Luminozitate	Pencahayaan	
effect_color	Lighting effects	Světelné efekty	Lichteffekte	Efectos de iluminación	Valaistustehosteet	Effets lumineux	Effetti di illuminazione	エフェクト	조명 효과	Lichteffecten	Lyseffekter	Efeitos de iluminação	Эффекты подсветки	Belysningseffekter	Aydınlatma efektleri	灯效	燈效	Світлові ефекти	Lyseffekter	เอฟเฟ็กต์ไฟ	Efekty podświetlenia	Efecte luminoase	Efek pencahayaan	
lighting_switch	Lighting Switch	Přepínač osvětlení	Beleuchtungsschalter	Interruptor de iluminación	Valaistuksen kytkin	Interrupteur d'éclairage	Interruttore	ライティングスイッチ	조명 스위치	Lichtschakelaar	Lysbryter	Interruptor de iluminação	Переключение подсветки	Belysningsknapp	Aydınlatma Anahtarı	灯光开关	燈光開關	Перемикання освітлення	Lyskontakt	สวิตช์ไฟ	Wyłącznik podświetlenia	Comutator iluminare	Sakelar Pencahayaan	Spínač osvetlenia
low_power_description	Lighting turns off when the battery level reaches	Osvětlení se vypne, když napětí baterie dosáhne	Die Beleuchtung schaltet sich aus, wenn folgender Akkustand erreicht ist:	La iluminación se apaga cuando el nivel de batería alcanza	Valaistus sammuu, kun akun varaustaso saavuttaa	L'éclairage s'éteint lorsque le niveau de la batterie atteint	La luce si spegne quando la batteria raggiunge un	バッテリー残量が設定した数値を下回ると自動でライティングをオフにします。	배터리 수준에 따라 조명이 꺼집니다	Verlichting schakelt uit wanneer het batterijniveau staat op	Lyset slås av når batterinivået når	A iluminação desliga-se quando o nível da bateria atinge	Отключение подсветки при разряде аккумулятора до	Belysningen stängs av när batterinivån når	Pil seviyesi ulaştığında aydınlatma kapanır	当电量达到指定百分比时，灯光将自动关闭。	當電量達到指定百分比時，燈光將自動關閉。	Освітлення вимикається, коли заряд акумулятора дорівнює	Lyset slukker, når batteristrømmen når	ไฟจะดับลงเมื่อระดับแบตเตอรี่ถึง	Wyłączanie podświetlenia przy poziomie naładowania baterii	Iluminarea se oprește atunci când nivelul bateriei ajunge la	Lampu akan mati saat tingkat baterai mencapai	Keď úroveň nabitia batérie dosiahne…, vypnite osvetlenie
load	Loading…	Načítání…	Wird geladen...	Cargando…	Ladataan...	Chargement…	Caricamento...	読み込み中...	로드 중...	Bezig met laden…	Laster …	A carregar…	Загрузка...	Laddar...	Yükleniyor…	正在加载……	載入中……	Завантаження…	Indlæser...	กำลังโหลด...	Twa ładowanie...	Se încarcă…	Memuat...	
low	Low	Nízká	Niedrig	Bajo	Matala	Faible	Bassa	低	낮게	Laag	Lav	Baixo	Низкий	Låg	Düşük	低	低	Низька	Lav	ต่ำ	Niska	Scăzut	Rendah	
low_power_title	Low battery mode	Režim nízkého napětí baterie	Modus für niedrigen Akkustand	Modo de batería baja	Alhainen akun varaustaso	Mode batterie faible	Modalità risparmio energetico	低電力モード	절전 모드	Lage batterijmodus	Lite batteri-modus	Modo de bateria fraca	Режим разряженного аккумулятора	Strömsparläge	Düşük pil modu	低电量模式	低電量模式	Режим низького заряду акумулятора	Lav batterifunktion	โหมดแบตเตอรี่ต่ำ	Tryb niskiego poziomu baterii	Mod baterie descărcată	Mode hemat baterai	Režim slabej batérie
eq_profile_metal	Metal	Metal	Metal	Metal	Metalli	Métallique	Metal	メタル	메탈	Metaal	Metall	Metal	Металл	Metall	Metal	金属乐	金屬樂	Метал	Metal	เมทัล	Metal	Metal	Metal	
mid	Mid	Střední	Mittel	Medio	Keski	Moyen	Media	中	중간	Midden	Middels	Médio	Средний	Medel	Orta	中	中	Середня	Mid	กลาง	Średnia	Mediu	Sedang	
audio_profile_movie	Movie	Film	Film	Película	Elokuva	Films	Film	映画	영화	Film	Film	Filme	Фильмы	Film	Film	电影	電影	Фільм	Film	ภาพยนตร์	Film	Film	Film	
Never	Never	Nikdy	niemals	Nunca	Ei koskaan	Jamais	Mai	なし	사용 안 함	Nooit	Aldri	Nunca	Никогда	Aldrig	Asla	永不	永遠不要	Ніколи	Aldrig	ไม่เคย	Nigdy	Niciodată	Tidak pernah	
ota_available_hint	New firmware ready! Tap here to update.	Je připraven nový firmware! Aktualizaci provedete klepnutím sem.	Die neue Firmware steht bereit! Tippen Sie zum Aktualisieren hier.	¡Hay nuevo firmware listo! Toque aquí para actualizar.	Uusi laiteohjelmisto valmis! Napauta tästä päivittääksesi.	Nouveau firmware prêt ! Appuyez ici pour mettre à jour.	Nuova firmware pronta! Toccare qui per aggiornare.	新しいファームウェアが見つかりました！ここタップして更新	새로운 펌웨어가 준비되었습니다! 여기를 탭해서 업데이트하세요.	Nieuwe firmware gereed! Tik hier om te updaten.	Ny fastvare klar! Trykk her for å oppdatere.	Novo firmware preparado! Toque aqui para atualizar.	Доступна новая прошивка! Нажмите здесь для обновления.	Ny firmware redo! Tryck här för att uppdatera.	Yeni ürün yazılımı hazır! Güncellemek için buraya dokunun.	新固件已经准备好！请点击此处进行更新。	新韌體已經準備好！請點擊此處進行更新。	Доступна нова мікропрограма! Натисніть для поновлення.	En ny firmware er klar! Tryk her, for at opdatere.	มีเฟิร์มแวร์ใหม่พร้อมบริการ! แตะที่นี่เพื่ออัปเดต	Dostępne jest nowe oprogramowanie sprzętowe! Stuknij tutaj, aby zaktualizować.	Noul firmware este pregătit! Atingeți aici pentru actualizare.	Perangkat tegar (firmware) baru siap! Ketuk di sini untuk memperbarui.	Pripravený je nový firmvér! Ak chcete aktualizovať, ťuknite tu.
next	Next	Další	Weiter	Siguiente	Seuraava	Suivant	Avanti	次へ	다음	Volgende	Neste	Seguinte	Далее	Nästa	İleri	下一步	下一步	Далі	Næste	ถัดไป	Dalej	Următorul	Berikutnya	
next_content	Next track	Další stopa	Nächster Titel	Pista siguiente	Seuraava raita	Piste suivante	Traccia successiva	次のトラック	다음 트랙	Volgende track	Neste spor	Faixa seguinte	Следующая дорожка	Nästa spår	Sonraki parça	下一首	下一首	Наступний трек	Næste spor	แทร็คถัดไป	Następny utwór	Următoarea piesă	Trek berikutnya	
gesture_action_no_function	No function	Žádná funkce	Keine Funktion	Sin función	Ei toimintoa	Aucune fonction	Nessuna funzione	割り当てなし	기능 없음	Geen functie	Ingen funksjon	Sem função	Нет функции	Ingen funktion	İşlev yok	无功能	無功能	Функція відсутня	Ingen funktion	ไม่มีฟังก์ชัน	Brak funkcji	Nicio funcție	Tidak ada fungsi	bez funkcie
note	Note:	Poznámka:	Hinweis:	Nota:	Huomautus:	REMARQUE :	Nota:	注意:	참고:	Opmerking:	Merk:	Nota:	Примечание:	OBS!	Not:	备注：	備註：	Примітка.	Bemærk:	หมายเหตุ:	Uwaga:	Notă:	Catatan:	Poznámka:
ok	OK	OK	OK	ACEPTAR	OK	OK	OK	OK	확인	OK	OK	OK	OK	OK	TAMAM	确定	確定	OK	OK	ตกลง	OK	OK	OK	OK
pairing	Pairing mode	Režim párování	Kopplungsmodus	Modo de emparejamiento	Parinmuodostustila	Mode appairage	Modalità di associazione	ペアリングモード	페어링 모드	Koppelingsmodus	Paringsmodus	Modo de emparelhamento	Режим сопряжения	Parkopplingsläge	Eşleştirme modu	配对模式	配對模式	Режим поєднання в пару	Parringsfunktion	โหมดจับคู่	Tryb parowania	Mod de asociere	Mode pemasangan	Párovací režim
play_pause	Play/ Pause	Přehrát/pozastavit	Wiedergabe/Pause	Reproducir/Pausar	Toista/Keskeytä	Lecture/Pause	Riproduci/Pausa	再生/一時停止	재생/일시 정지	Afspelen / Pauzeren	Spill av / pause	Reproduzir/ Pausar	Воспроизведение/Пауза	Spela/pausa	Oynat/ Duraklat	播放/暂停	播放/暫停	Відтворити / Призупинити	Afspil/sæt på pause	เล่น/หยุดชั่วคราว	Odtwórz/wstrzymaj	Redare/Pauză	Putar/ Jeda	
refresh_msg	Please check the following:  1. Bluetooth is turned on and connected.  2. Bluetooth usage by the Armoury Crate app permission is Enabled.	Zkontrolujte toto:  1. Bluetooth je zapnuté a připojené.  2. Je aktivováno oprávnění aplikace Armoury Crate používat Bluetooth.	Bitte stellen Sie Folgendes sicher:  1. Bluetooth ist eingeschaltet und verbunden.  2. Die Berechtigung für die Bluetooth-Nutzung durch die Armoury Crate-App ist aktiviert.	Compruebe lo siguiente:  1. Bluetooth activado y conectado.  2. Los permisos de la aplicación Armoury Crate tienen habilitado el uso de Bluetooth.	Tarkista seuraavat:  1. Bluetooth on päällä ja yhdistetty.  2. Armoury Crate -sovelluksen Bluetooth-käyttölupa on käytössä.	Veuillez vérifier les éléments suivants :  1. Le Bluetooth est activé et connecté.  2. L'autorisation d'utilisation du Bluetooth par l'application Armoury Crate est activée.	Controllare quanto segue:   1. Il Bluetooth è acceso e connesso.   2. L'autorizzazione all'uso del Bluetooth da parte dell'app Armoury Crate è abilitata.	以下の点を確認してください:  1. お使いの機器のBluetoothがオンになっており、接続されていること。  2. Armoury CrateアプリによるBluetoothの使用が許可されていること。	다음을 확인해 주십시오:  1. Bluetooth가 켜진 후 연결되어 있는지의 상태.  2. Armoury Crate 앱의 Bluetooth 사용 허가가 활성화되었습니다.	Controleer het volgende:  1. Bluetooth is ingeschakeld en verbonden.  2. Gebruik van Bluetooth door de app Armoury Crate is ingeschakeld.	Kontroller følgende:  1. Bluetooth er slått på og koblet til.  2. Tillatelsen til at Armoury Crate-appen kan bruke Bluetooth, er aktivert.	Verifique o seguinte:  1. O Bluetooth está ativado e ligado.  2. A permissão de utilização de Bluetooth pela aplicação Armoury Crate está ativada.	Проверьте следующее:  1. Bluetooth включен и подключен.  2. Приложение Armoury Crate должно иметь разрешение для использования Bluetooth	Vänligen kontrollera följande:  1. Bluetooth är påslaget och anslutet.  2. Bluetooth-använding har aktiverats för appen Armoury Crate.	Lütfen aşağıdakileri kontrol edin:  1. Bluetooth açık ve bağlı.  2. Armoury Crate uygulaması tarafından Bluetooth kullanımı izni Etkin.	请检查：  1. 蓝牙已开启并完成连接。  2. 已同意开启 Armoury Crate 应用程序的蓝牙使用权限。	請檢查：  1. 藍牙已開啟並完成連線。  2. 已同意開啟 Armoury Crate 應用程式的藍牙使用權限。	Перевірте наступне:  1. Bluetooth підключено і увімкнено.  2. Активовано дозвіл додатку Armoury Crate на користування Bluetooth.	Kontroller følgende:  1. Bluetooth er slået til og tænd.  2. Appen Armoury Crate har fået lov til at bruge Bluetooth.	โปรดตรวจสอบดังต่อไปนี้:  1. เปิดบลูทูธและเชื่อมต่อแล้ว  2. การใช้งานบลูทูธโดยแอป Armoury Crate  สิทธิ์ถูกเปิดใช้งาน	Sprawdź poniższe pozycje:  1. Funkcja Bluetooth została włączona i nawiązano połączenie.  2. Uprawnienie do korzystania z Bluetooth przez aplikację Armoury Crate jest włączone.	Verificați următoarele:  1. Funcția Bluetooth este activată și conectată.  2. Permisiunea de utilizare Bluetooth de aplicația Armoury Crate este Enabled (Activată).	Silakan periksa hal-hal berikut ini:  1. Bluetooth dihidupkan dan tersambung.  2. Izin penggunaan Bluetooth dengan aplikasi Armoury Crate Diaktifkan.	Skontrolujte toto:  1. Zariadenie Bluetooth je zapnuté a pripojené.  2. Povolenie na používanie Bluetooth aplikáciou Armoury Crate je povolené.
rgb_dialog_msg	Please note that the battery will be drained faster if the LED brightness is set to 100%.	Pokud bude jas LED nastaven na 100 %, baterie se bude vybíjet rychleji.	Bitte beachten Sie, dass der Akku schneller entladen wird, wenn die LED-Helligkeit auf 100% eingestellt ist.	Tenga en cuenta que la batería se agotará más rápido si el brillo del LED se establece en el 100 %.	Huomaa, että akku tyhjenee nopeammin, jos LED-lampun kirkkaudeksi on asetettu 100 %.	Notez que la batterie sera plus rapidement épuisée si le niveau de luminosité LED est défini sur 100%.	Tieni presente che la batteria si esaurirà più velocemente se imposti la luminosità LED al 100%.	LED輝度を100%に設定すると、バッテリーの消耗が早くなりますのでご注意ください。	LED 밝기를 100%로 설정하면 배터리가 더 빨리 소모됩니다.	Denk eraan dat de batterij sneller zal leeglopen als de LED-helderheid is ingesteld op 100%.	Vær oppmerksom på at batteriet tappes raskere hvis LED-lysstyrken er satt til 100 %.	Tenha em atenção que a bateria descarregará mais rapidamente se o brilho do LED estiver definido para 100%.	Обратите внимание, что аккумулятор разряжается быстрее, если яркость индикатора установлена ​​в100%.	Observera att batteriet töms snabbare om LED-ljusstyrkan är inställd på 100 %.	LED parlaklığı %100 olarak ayarlanırsa pilin daha hızlı biteceğini lütfen unutmayın.	请注意若将 LED 亮度设置为 100％，则电池耗电会更快。	請注意若將 LED 亮度設定為 100％，則電池耗電會更快。	Зверніть увагу, що батарея буде розряджатися швидше, якщо яскравість світлодіода встановлена ​​на 100 %.	Bemærk venligst, at batteriet bruges hurtigere, hvis LED-lysstyrken sættes på 100 %.	โปรดทราบว่าแบตเตอรี่จะหมดเร็วขึ้นหากตั้งค่าความสว่างของไฟ LED ไว้ที่ 100%	Należy pamiętać, że ustawienie 100% poziomu jasności podświetlenia LED spowoduje szybsze rozładowywanie się baterii.	Rețineți că bateria se va descărca mai repede dacă luminozitate LED este setată la 100%.	Perlu diketahui bahwa baterai akan terkuras lebih cepat jika kecerahan LED diatur ke 100%.	Upozorňujeme, že batéria sa rýchlejšie vybije, keď je jas svetelnej kontrolky LED nastavený na 100 %.
power	Power	Napájení	Energie	Alimentación	Virta	Alimentation	Alimentazione	電源	전원	Voeding	Strøm	Energia	Питание	Ström	Güç	电量	電量	Живлення	Effekt	กำลังไฟ	Zasilanie	Putere	Daya	
previous_content	Previous Track	Předchozí stopa	Vorheriger Titel	Pista anterior	Edellinen raita	Piste précédente	Traccia precedente	前のトラック	이전 트랙	Vorig nummer	Forrige spor	Faixa anterior	Предыдущий трек	Föregående spår	Önceki Parça	上一首	上一首	Попередня доріжка	Forrige nummer	แทร็กก่อนหน้า	Poprzednia ścieżka	Piesa precedentă	Trek Sebelumnya	
audio_profile_racing	Racing	Závodění	Rennen	Carreras	Kilpa-ajo	Jeux de course	Racing	レース	레이싱	Racing	Bilspill	Corridas	Гонки	Racing	Yarış	竞速	競速	Перегони	Motorræs	การแข่งความเร็ว	Wyścigi	Jocuri de curse	Balapan	
mp_delete	Remove	Odebrat	Entfernen	Quitar	Poista	Supprimer	Rimuovi	削除	제거	Verwijderen	Fjern	Remover	Удалить	Ta bort	Kaldır	移除	移除	Видалити	Fjern	ลบ	Usuń	Eliminare	Hapus	
reset	Reset	Resetovat	Zurücksetzen	Restablecer	Nollaa	Réinitialiser	Ripristino	リセット	초기화	Opnieuw instellen	Tilbakestill	Repor	Сброс	Återställ	Sıfırla	重置	重設	Скинути	Nulstil	รีเซ็ต	Resetuj	Resetare	Atur ulang	
right	Right	Vpravo	Rechts	Derecha	Oikealle	Droite	Destra	右面	오른쪽	Rechts	Høyre	Direita	Вправо	Höger	Sağ	右侧	右側	Справа	Højre	ด้านขวา	Prawo	Dreapta	Kanan	
eq_profile_rock	Rock	Rock	Rock	Rock	Rock	Rock	Rock	ロック	록	Rock	Rock	Rock	Рок	Rock	Rock	摇滚	搖滾	Рок	Rock	ร็อค	Rock	Rock	Rock	
audio_profile_rpg	RPG	RPG	Rollenspiel	RPG	RPG	RPG	RPG	RPG	RPG	RPG	Rollespill	RPG	Ролевые игры	Rollspel	RPG	角色扮演	角色扮演	RPG	RPG	RPG	RPG	RPG	RPG	
settings	Settings	Nastavení	Einstellungen	Configuración	Asetukset	Paramètres	Impostazioni	設定	설정	Instellingen	Innstillinger	Definições	Настройки	Inställningar	Ayarlar	设置	設定	Налаштування	Indstillinger	การตั้งค่า	Ustawienia	Setări	Pengaturan	
skip	Skip	Přeskočit	Überspringen	Omitir	Ohita	Ignorer	Salta	スキップ	건너뛰기	Overslaan	Hopp over	Ignorar	Пропустить	Hoppa över	Atla	跳过	略過	Пропустити	Spring over	ข้าม	Pomiń	Omiteți	Lewati	Preskočiť
sound_optimization	Sound Optimization	Optimalizace zvuku	Klangoptimierung	Optimización del sonido	Äänen optimointi	Optimisation sonore	Ottimizzazione del suono	サウンド最適化	사운드 최적화	Geluidsoptimalisatie	Lydoptimalisering	Otimização do som	Оптимизация звука	Ljudoptimering	Ses Optimizasyonu	音效优化处理	音效優化處理	Оптимізація звуку	Lydoptimering	การเพิ่มประสิทธิภาพเสียง	Optymalizacja dźwięku	Optimizare sunet	Pengoptimalan Suara	
static	Static	Statický	Statisch	Estático	Staattinen	Statique	Statico	常時点灯	정적	Statisch	Statisk	Estático	Статический	Statisk	Statik	恒亮	恆亮	Статичний	Statisk	นิ่ง	Statyczne	Static	Statis	
strobing	Strobe	Stroboskop	Stroboskop	Luz estroboscópica	Strobovalot	Stroboscope	Strobo	すばやく点滅	섬광	Flitser	Strobende	Estroboscópio	Строб	Strobe	Flaş	闪烁	閃爍	Мерехтіння	Strobelys	กะพริบ	Stroboskopowe	Lumină stroboscopică	Strobo	
r75_idle_mode_hint	Switch to Sleep Mode after Being Idle for:	Přepnout do režimu spánku po době nečinnosti:	Wechseln in den Energiesparmodus nach einer Leerlaufzeit von:	Cambiar al modo de suspensión después de haber estado inactivo durante:	Kytke lepotilaan, kun ollut käyttämättömänä:	Basculer en mode veille après un délai d'inactivité de :	Attiva sospensione dopo inattività di:	スリープモードに移行するまでの時間:	절전 모드로 전환될 때까지의 유휴 시간:	Schakel naar de slaapmodus na een inactiviteit van:	Bytt til hvilemodus etter inaktivitet i:	Mudar para modo de suspensão depois de inativo durante:	Переход в спящий режим при простое:	Växla till viloläge efter inaktivt läge i:	Uyku Modundan Önce Boşta Kalma Süresi:	当空闲以下时间后切换为睡眠模式：	當空閒以下時間後切換為睡眠模式：	Перехід у режим сну після бездіяльності протягом:	Gå i dvale, når enheden har været inaktiv i:	เปลี่ยนเป็นโหมดสลีปหลังจากไม่ได้ใช้งานเป็นเวลา:	Przełącz do trybu uśpienia po czasie bezczynności wynoszącym:	Comutare la Modul Repaus după timpul de inactivitate:	Beralih ke Mode Tidur setelah Idle selama:	
system_bluetooth	System Bluetooth	Bluetooth systému	System-Bluetooth	Bluetooth del sistema	Järjestelmän Bluetooth	Bluetooth du système	Bluetooth del sistema	Bluetooth設定を開く	시스템 Bluetooth	Systeem Bluetooth	System-Bluetooth	Bluetooth do sistema	Bluetooth системы	System Bluetooth	Sistem Bluetooth	系统蓝牙	系統藍牙	Bluetooth сиатеми	System Bluetooth	บลูทูธระบบ	Funkcja Bluetooth systemu	Bluetooth sistem	Bluetooth Sistem	Systém Bluetooth
tap_3_times	Tap 3 times	Klepněte 3krát	Dreimal antippen	Pulsar 3 veces	Napauta kolme kertaa	Appuyez 3 fois	Tocca 3 volte	3回タップ	3번 탭하기	Tik 3 keer	Trykk 3 ganger	Tocar 3 vezes	Нажать 3 раза	Tryck 3 gånger	3 kez dokunun	短按三次	短按三次	Торкніться тричі	Tryk 3 gange	แตะ 3 ครั้ง	Stuknij 3 razy	Atingeți de 3 ori	Ketuk 3 kali	
tap_once	Tap once	Klepněte jednou	Einmal antippen	Pulsar una vez	Napauta kerran	Appuyez une fois	Tocca una volta	1回タップ	한 번 탭하기	Eenmaal tikken	Trykk én gang	Tocar uma vez	Нажать	Tryck en gång	Bir kez dokun	短按一次	短按一次	Торкніться один раз	Tryk én gang	แตะหนึ่งครั้ง	Stuknij raz	Atingeți o dată	Ketuk sekali	
tap_and_hold_for_1_sec	Tap once then hold for 1 sec	Jednou klepněte a poté 1 sekundu držte	Einmal antippen und dann 1 Sekunde lang gedrückt halten	Toque una vez y luego mantenga presionado durante 1 segundo	Napauta kerran ja pidä sitten 1 sekunnin ajan	Appuyer une fois et maintenir pendant 1 s	Toccare qui e tenere premuto per 1 secondo	1回タップしてから1秒間長押し	1초 이상 꾹 탭하십시오	Eén keer tikken en dan 1 sec vasthouden	Trykk én gang og hold i 1 sek	Toque uma vez e mantenha premido durante 1 segundo	Нажать и удерживать в течение секунды	Tryck en gång och håll sedan ned i 1 sek	Bir kez dokunun ve ardından 1 saniye basılı tutun	短按一次再长按一秒	短按一次再長按一秒	Натисніть один раз і утримуйте 1 секунду	Tryk én gang og hold derefter nede i 1 sek.	แตะหนึ่งครั้งแล้วค้างไว้ 1 วินาที	Stuknij raz, a następnie przytrzymaj przez 1 s	Atingeți o dată, apoi țineți apăsat timp de 1 secundă	Ketuk sekali lalu tahan selama 1 detik	Ťuknite raz a podržte na 1 sekundu
tap_twice	Tap twice	Klepněte dvakrát	Zweimal antippen	Pulsar dos veces	Napauta kahdesti	Appuyez deux fois	Tocca due volte	2回タップ	두 번 탭하기	Twee keer tikken	Trykk to ganger	Tocar duas vezes	Нажать дважды	Tryck två gånger	İki kez dokunun	短按两次	短按兩次	Натисніть двічі	Tryk to gange	แตะสองครั้ง	Stuknij dwukrotnie	Atingeți de două ori	Ketuk dua kali	
eq_profile_techno	Techno	Techno	Techno	Techno	Tekno	Techno	Techno	テクノ	테크노	Techno	Techno	Techno	Техно	Techno	Tekno	电子音乐	電子音樂	Техно	Techno	เทคโน	Techno	Techno	Tekno	
gesture_fixed	The following gestures cannot be customized	Následující gesta nelze přizpůsobit	Die folgenden Gesten können nicht angepasst werden.	Los siguientes gestos no se pueden personalizar	Seuraavia eleitä ei voi mukauttaa	Les gestes suivants ne peuvent pas être personnalisés	I seguenti gesti non possono essere personalizzati	次のジェスチャーはカスタマイズできません	다음 제스처는 커스터마이징할 수 없습니다	De volgende bewegingen kunnen niet worden aangepast	Følgende bevegelser kan ikke justeres	Não é possível personalizar os gestos seguintes	Следующие жесты не могут быть настроены	Följande gester kan inte anpassas	Aşağıdaki hareketler özelleştirilemez	下列手势功能无法自定义	下列手勢功能無法自訂	Наступні жести неможливо змінити	Følgende fingerbevægelser kan ikke tilpasses	ไม่สามารถปรับแต่งท่าทางต่อไปนี้ได้	Poniższych gestów nie można dostosować	Nu se pot particulariza următoarele gesturi	Gerakan berikut ini tidak dapat disesuaikan	Nasledovné gestá sa nedajú prispôsobiť
txlanguage	The One voice	Jeden hlas	Die Eine Stimme	La voz única	One voice (yksi ääni)	La voix de l'Élu	La voce unica	The One ボイス	음성만	De One voice	Den ene stemmen	A voz única	Единый голос	The One voice (Bara en röst)	Tek ses	天选语音	天選語音	Один голос	Den ene stemme	เสียงเดียว	Jeden głos	Voce unică	Satu suara	Jeden hlas
mp_explanation_link_device_title	To connect, please press “Connect” and go to the device's Bluetooth settings page to complete the connection.	Chcete-li se připojit, stiskněte tlačítko „Připojit“ a přejděte na stránku nastavení Bluetooth zařízení a dokončete připojení.	Um eine Verbindung herzustellen, drücken Sie bitte auf "Verbinden" und wechseln Sie zur Bluetooth-Einstellungenseite des Geräts, damit Sie die Verbindung fertigstellen können.	Para realizar la conexión, presione "Conectar" y vaya a la página de configuración Bluetooth del dispositivo para completar la conexión.	Paina yhteyden muodostamiseksi "Yhdistä" ja siirry laitteen Bluetooth-asetussivulle yhteyden muodostamiseksi.	Pour vous connecter, appuyez sur "Connecter" et accédez à la page des paramètres Bluetooth de l'appareil pour effectuer la connexion.	Per connettersi, premere "Connetti" e andare alla pagina delle impostazioni Bluetooth del dispositivo per completare la connessione.	接続するには「接続」をクリックし、デバイスのBluetooth設定ページに移動して接続を完了してください。	연결하려면 “Connect”(연결)를 눌러 장치의 블루투스 설정 페이지로 이동하여 연결을 완료하십시오.	Om te verbinden, drukt u op “Verbinden” en gaat u naar de pagina Bluetooth-instellingen van het apparaat om de verbinding te voltooien.	Koble til ved å trykke «Koble til» og gå til enhetens Bluetooth-innstillingsside for å fullføre tilkoblingen.	Para estabelecer a ligação, pressione “Ligar” e aceda à página de definições de Bluetooth do dispositivo para concluir a ligação.	Для подключения нажмите "Подключить" и перейдите на страницу настроек Bluetooth устройства для завершения подключения.	För att ansluta, tryck på “Connect” (Anslut) och gå till enhetens sida för Bluetooth-inställningar för att genomföra anslutningen.	Bağlanmak için lütfen "Bağlan" düğmesine basın ve bağlantıyı tamamlamak için cihazın Bluetooth ayarları sayfasına gidin.	如需连接，请按下 “连接”并前往设备的蓝牙设置页面完成连接。	如需連線，請按下「連線」並前往裝置的藍牙設定頁面完成連線。	Для підключення натисніть Connect (Підключити) і перейдіть на сторінку налаштувань Bluetooth пристрою, аби виконати підключення.	For at oprette forbindelsen, skal du trykke på "Forbind" og åbne enhedens Bluetooth-indstillingsside, hvor du kan forbinde enhederne.	หากต้องการเชื่อมต่อ โปรดกดปุ่ม “เชื่อมต่อ” แล้วไปที่หน้าการตั้งค่าบลูทูธของอุปกรณ์เพื่อทำการเชื่อมต่อให้เสร็จสิ้น	W celu połączenia naciśnij przycisk „Connect” (Połącz) i przejdź na stronę ustawień Bluetooth urządzenia, aby dokończyć nawiązywanie połączenia.	Pentru a vă conecta, apăsați „Conectare” și mergeți la pagina de setări Bluetooth a dispozitivului pentru a finaliza conexiunea.	Untuk menyambungkan, tekan “Sambung”, lalu buka halaman pengaturan Bluetooth perangkat untuk menyelesaikan sambungan.	
virtual_surround	Virtual Surround Sound	Virtuální prostorový zvuk	Virtual Surround Sound	Sonido envolvente virtual	Virtuaalinen surround-ääni	Son surround virtuel	Suono virtuale surround	バーチャルサラウンド	가상 서라운드 사운드	Virtueel omgevingsgeluid	Virtuell surroundlyd	Som surround virtual	Виртуальный объемный звук	Virtuellt surround-ljud	Sanal Surround Ses	虚拟环绕音效	虛擬環繞音效	Віртуальний об'ємний звук	Virtuel surroundsound	ระบบเสียงรอบทิศทางเสมือน	Wirtualny dźwięk przestrzenny	Sunet Surround Virtual	Suara Surround Virtual	
eq_profile_vocal	Vocal	Hlas	Vocal	Vocal	Laulu	Voix	Voce	ボーカル	보컬	Vocaal	Vokal	Vocal	Вокал	Röst	Vokal	人声	人聲	Вокал	Stemme	ขับร้อง	Wokal	Vocal	Vokal	
voice_assistant	Voice Assistant	Hlasový asistent	Sprachassistent	Asistente de voz	Ääniavustaja	Assistant vocal	Assistente vocale	音声アシスタント	음성 어시스턴트	Spraakassistent	Taleassistent	Assistente de voz	Голосовой помощник	Röstassistent	Ses Asistanı	语音助手	語音助理	Голосовий помічник	Stemmeassistent	Voice Assistant	Asystent głosowy	Asistent vocal	Asisten Suara	
voice_prompt_language	Voice Prompt Language	Jazyk hlasových pokynů	Sprache der Sprachansage	Idioma del mensaje de voz	Kehoteäänen kieli	Langue des instructions vocales	Lingua annuncio vocale	音声ガイド言語	음성 프롬프트 언어	Taal spraakmelding	Språk for talemelding	Idioma do comando de voz	Язык голосовых подсказок	Språk för röstavisering	Sesli Komut İstemi Dili	语音提示语言	語音提示語言	Мова голосових підказок	Sprog på stemmebeskederne	ภาษาพร้อมท์เสียง	Język komunikatów głosowych	Limbă solicitare vocală	Bahasa Perintah Suara	Jazyk hlasovej výzvy
r75_idle_mode	Idle mode	Klidový režim	Inaktivitätsmodus	Modo de inactividad	Lepotila	Mode inactif	Modalità inattiva	アイドルモード	유휴 모드	Inactieve modus	Inaktiv modus	Modo inativo	Режим ожидания	Inaktivt läge	Boşta modu	睡眠模式	睡眠模式	Режим очікування	Inaktiv tilstand	โหมดสแตนด์บาย	Tryb bezczynności	Mod inactiv	Mode siaga	Režim nečinnosti
2 mins	2 min	2 min	2 Minuten	2 min	2 min	2 min	2 min.	2 分	2분	2 min	2 min	2 min	2 мин	2 min.	2 dk	2 分钟	2 分鐘	2 хв	2 min.	2 นาที	2 min	2 min.	2 menit	2 min
3 mins	3 min	3 min	3 Minuten	3 min	3 min	3 min	3 min.	3 分	3분	3 min	3 min	3 min	3 мин	3 min.	3 dk.	3 分钟	3 分鐘	3 хв	3 min.	3 นาที	3 min	3 min.	3 menit	3 min
5 mins	5 min	5 min	5 Minuten	5 min	5 min	5 min	5 min.	5 分	5분	5 min	5 min	5 min	5 мин	5 min.	5 dk	5 分钟	5 分鐘	5 хв	5 min.	5 นาที	5 min	5 min.	5 menit	5 min
10 mins	10 min	10 min	10 Minuten	10 min	10 min	10 min	10 min.	10 分	10분	10 min	10 min	10 min	10 мин	10 min.	10 dk	10 分钟	10 分鐘	10 хв	10 min.	10 นาที	10 min	10 min.	10 menit	10 min
15 mins	15 min	15 min	15 Minuten	15 min	15 min	15 min	15 min.	15 分	15분	15 min	15 min	15 min	15 мин	15 min.	15 dk	15 分钟	15 分鐘	15 хв	15 min.	15 นาที	15 min	15 min.	15 menit	15 min
case_more_info_hint	The charging case's battery level isn't real-time. See the Power page for details.	Úroveň napětí baterie nabíjecího pouzdra se nezobrazuje v reálném čase. Podrobnosti naleznete na stránce napájení.	Der Akkustand des Ladebehälters wird nicht in Echtzeit angezeigt. Weitere Informationen finden Sie auf der Seite zu den Energieoptionen.	El nivel de batería del estuche de carga no es en tiempo real. Para obtener más información, consulta la página de energía.	Latauskotelon akun varaustaso ei ole reaaliaikainen. Katso lisätietoja Power-sivulta.	Le niveau de batterie du boîtier de charge n'est pas affiché en temps réel. Consultez la page "Alimentation" pour plus de détails.	Il livello della batteria della custodia di carica non è in tempo reale. Consultare la pagina Alimentazione per i dettagli.	充電ケースのバッテリー残量はリアルタイムではありません。詳細については、電源ページをご参照ください。	충전 케이스의 배터리 수준은 실시간이 아닙니다. 자세한 내용은 전원 페이지를 참고해 주십시오.	Het batterijniveau van de laadhoes is niet in realtime. Raadpleeg de pagina Voeding voor details.	Batterinivået til ladeetuiet oppdateres ikke i sanntid. Se Strøm-siden for mer informasjon.	O nível da bateria do estojo de carregamento não é indicado em tempo real. Para mais detalhes, consulte a página de energia.	Уровень заряда батареи в чехле для зарядки отображается не в реальном времени. Подробнее см. на странице «Питание».	Laddningsfodralets batterinivå visas inte i realtid. Se sidan Ström för mer information.	Şarj kutusunun pil seviyesi gerçek zamanlı değildir. Ayrıntılar için Güç sayfasına bakın.	充电盒非实时电量。请查看电源页面以获取详细信息。	充電盒非即時電量。請查看電源頁面以獲取詳細資訊。	Рівень акумулятора зарядного футляра не відображається в реальному часі. Див. сторінку Живлення, щоб дізнатися більше.	Opladningsetuiets batteristrøm vises ikke i realtid. Du kan finde yderligere oplysninger på siden Strøm.	ระดับแบตเตอรี่ของเคสชาร์จไม่ใช่แบบเรียลไทม์ ดูรายละเอียดในหน้าพลังงาน	Poziom baterii etui ładującego nie jest wskazywany w czasie rzeczywistym. Szczegółowe informacje można znaleźć na stronie Zasilanie.	Nivelul bateriei din caseta de încărcare nu este afișat în timp real. Pentru detalii, consultați pagina Alimentare.	Tingkat baterai casing pengisi daya tidak waktu nyata (real-time). Lihat halaman Daya untuk perinciannya.	Úroveň nabitia batérie v nabíjacom puzdre nepredstavuje reálny čas. Podrobnosti nájdete na stránke Power (Výkon).
single_earbud_alert	Please make sure both earbuds are taken out of the charging case before proceeding with device setup.	Než budete pokračovat v nastavení zařízení, zkontrolujte, zda jsou obě sluchátka vyjmuta z nabíjecího pouzdra.	Bitte stellen Sie sicher, dass beide Ohrhörer aus dem Ladebehälter genommen wurden, bevor Sie mit der Einrichtung des Geräts fortfahren.	Asegúrese de que ambos miniauriculares están fuera del estuche de carga antes de llevar a cabo la configuración del dispositivo.	Varmista, että molemmat kuulokkeet on otettu pois latauskotelosta, ennen kuin jatkat laitteen asennusta.	Assurez-vous que les deux écouteurs sont sortis du boîtier de charge avant de procéder à la configuration de l'appareil.	Assicurarsi che entrambi gli auricolari siano estratti dalla custodia di carica prima di procedere con la configurazione del dispositivo.	デバイスのセットアップを行う前に、左右両方のイヤホンを充電ケースから取り出してください。	장치 설정을 진행하기 전에 양쪽 이어버드를 모두 충전 케이스에서 꺼냈는지 확인하십시오.	Zorg dat beide earbuds uit het laadstation zijn genomen voordat u doorgaat met de apparaatinstelling.	Sørg for at begge ørepluggene er tatt ut av ladeesken før du fortsetter med enhetsoppsettet.	Retire ambos os auriculares da caixa de carregamento antes de configurar o dispositivo.	Перед настройкой устройства, убедитесь, что оба наушника извлечены из зарядного чехла.	Ta ut båda hörsnäckorna ur laddningsfodralet innan du fortsätter med inställningen av enheten.	Cihaz kurulumuna devam etmeden önce lütfen her iki kulaklığın da şarj kutusundan çıkarıldığından emin olun.	进行设备设置前，请确认是否已将双耳皆拿出充电盒。	進行裝置設定前，請確認是否已將雙耳皆拿出充電盒。							
off	off	VYP.	AUS	DESACTIVAR	POIS	Désactivé	Disabilitata	オフ	꺼짐	UIT	AV	DESATIVADO	ВЫКЛ	AV	KAPALI	关闭	關閉							
mp_connecting...	Connecting...	Probíhá připojování...	Wird verbunden...	Conectando...	Yhteyden muodostus...	Connexion en cours...	Connessione in corso…	接続中	연결하는 중...	Bezig met verbinden...	Kobler til …	A ligar...	Подключение...	Ansluter...	Bağlanıyor…	连接中	連線中							
mp_explanation_current_device_msg	This device is currently in use and cannot be edited.	Toto zařízení se právě používá a nelze jej upravovat.	Dieses Gerät wird aktuell verwendet und kann nicht bearbeitet werden.	Este dispositivo se está utilizando en este momento y no se puede editar.	Tämä laite on parhaillaan käytössä, eikä sitä voi muokata.	Cet appareil est actuellement utilisé et ne peut pas être modifié.	Questo dispositivo è attualmente in uso e non può essere modificato.	このデバイスは現在使用中のため編集できません。	이 장치는 현재 사용 중이어서 편집할 수 없습니다.	Dit apparaat is momenteel in gebruik en kan niet worden bewerkt.	Enheten er i bruk og kan ikke slettes.	Este dispositivo está a ser usado e não pode ser editado.	Это устройство сейчас используется и не может быть изменено.	Denna enhet används och kan inte ändras.	Bu cihaz şu anda kullanımdadır ve düzenlenemez.	此设备目前正在使用中，无法进行编辑。	此裝置目前正在使用中，無法進行編輯。							
mp_explanation_dongle_connected_msg	To disconnect, please unplug the dongle.	Chcete-li se odpojit, odpojte adaptér dongle.	Um die Verbindung zu trennen, ziehen Sie bitte den Dongle ab.	Para realizar la desconexión, desenchufe la llave.	Jos haluat katkaista yhteyden, irrota dongle pistorasiasta.	Pour vous déconnecter, débranchez le dongle.	Per disconnettersi, scollegare il dongle.	接続を解除するには、レシーバー（ドングル）を取り外してください。	연결을 끊으려면 동글을 빼내십시오.	Om de verbinding te verbreken, koppelt u de dongle los.	Koble fra dongelen for å koble fra.	Para desligar, retire o adaptador.	Для отключения отключите приемник.	För att koppla ifrån, dra ur donglen.	Bağlantıyı kesmek için lütfen dongle'ın fişini çekin.	如需断连，请拔除此接收器。	如需斷線，請拔除此接收器。							
mp_explanation_dongle_disconnected_msg	To connect, please plug in the dongle.	Chcete-li se připojit, zapojte adaptér dongle.	Um eine Verbindung herzustellen, stecken Sie bitte den Dongle ein.	Para realizar la conexión, enchufe la llave.	Jos haluat muodostaa yhteyden, kytke dongle.	Pour vous connecter, branchez le dongle.	Per connettersi, collegare il dongle.	接続するには、レシーバー（ドングル）を接続してください。	연결하려면 동글을 끼우십시오.	Om verbinding te maken, sluit u de dongle aan.	Koble til dongelen for å koble til.	Para estabelecer ligação, ligue o adaptador.	Для подключения подключите приемник.	För att ansluta, sätt i donglen.	Bağlanmak için lütfen donanım kilidini takın.	如需连接，请插入此接收器。	如需連線，請插入此接收器。							
upgrade_failed_msg	Ensure that you have turned off the music and verified that the battery levels of your earbuds, charging case, and smartphone are all at least 30% before attempting again.	Před dalším pokusem zkontrolujte, zda jste vypnuli hudbu a ověřte, zda je úroveň nabití baterie vašich sluchátek, nabíjecího pouzdra a smartphonu alespoň 30 %.	Bitte stellen Sie sicher, dass Sie die Musik ausgeschaltet und überprüft haben, ob der Akkustand Ihrer Ohrhörer, Ihres Ladebehälters und Ihres Smartphones mindestens 30% beträgt, bevor Sie es erneut versuchen.	Asegúrese de que ha apagado la música y ha comprobado que los niveles de batería de los miniauriculares, del estuche de carga y del smartphone son de al menos el 30 % antes de volver a intentarlo.	Varmista, että olet sammuttanut musiikin ja tarkistanut, että kuulokkeiden, latauskotelon ja älypuhelimen akun varaustaso on vähintään 30 %, ennen kuin yrität uudelleen.	Assurez-vous d'avoir coupé la musique et vérifié que les niveaux de batterie de vos écouteurs, du boîtier de charge et du smartphone sont d'au moins 30% avant de réessayer.	Assicurarsi di aver spento la musica e aver verificato che i i livelli di carica della batteria degli auricolari, della custodia di carica, e dello smartphone siano almeno del 30% prima di tentare di nuovo.	メディアの再生を停止し、イヤホン、充電ケース、スマートフォンのバッテリー残量が 30% 以上あることを確認してから、再度お試しください。	다시 시도하기 전에 음악을 끄고 이어버드, 충전 케이스 및 스마트폰의 배터리 잔량이 모두 30% 이상인지 확인하십시오.	Controleer of u de muziek hebt uitgeschakeld en of u hebt geverifieerd of de batterijniveaus van uw earbuds, laadstation en smartphone allemaal minstens 30% bedragen voordat u het opnieuw probeert.	Sørg for at du har slått av musikken, og kontroller at batterinivåene til ørepluggene, ladedekselet og smarttelefonen er minst 30 % før du prøver igjen.	Desligue a música e certifique-se de que os níveis de bateria dos seus auriculares, da caixa de carregamento e do smartphone são de pelo menos 30% antes de tentar novamente.	Перед повторной попыткой убедитесь, что воспроизведение музыки выключено, а заряд наушников, зарядного чехла и смартфона составляет не менее 30%.	Du måste kontrollera att musiken är avstängd och verifiera att batterinivån i hörsnäckorna, laddningsfodralet och smarttelefonen är minst 30 % innan du försöker igen.	Tekrar denemeden önce müziği kapattığınızdan ve kulaklıklarınızın, şarj kutunuzun ve akıllı telefonunuzun pil seviyelerinin en az %30 olduğundan emin olun.	请确认您已关闭音乐，并确认耳机、充电盒及手机电量高于 30% 后再重试。	請確認您已關閉音樂，並確認耳機、充電盒及手機電量高於 30% 後再重試。							
tone	Prompt Sound	Zvuk pokynu	Bedienerhinweis-Ton	Sonido de mensaje	Kehoteääni	Son d'invite	Suono annuncio	ガイド音	프롬프트 소리	Meldingsgeluid	Spørrelyd	Som do comando	Звуковая подсказка	Aviseringsljud	Hızlı Ses	提示音	提示音							
chinese	Chinese	Čínština	Chinesisch	Chino	Kiina	Chinois	Cinese	中国語	중국어	Chinees	Kinesisk	Chinês	Китайский	Kinesiska	Çince	中文	中文							
mp_unlink	Disconnect	Odpojit	Trennen	Desconectar	Yhteys katkaistu	Déconnecter	Disconnetti	切断	연결 끊기	Verbinding verbreken	Koble fra	Desligar	Отключить	Koppla ifrån	Bağlantıyı kes	断连	斷連							
mp_pairing_msg	The headset is in Bluetooth pairing mode. Find this headset's name in the Bluetooth list of nearby devices and initiate the pairing process.	Náhlavní souprava je v režimu párování Bluetooth. Najděte název této náhlavní soupravy v seznamu Bluetooth zařízení v okolí a spusťte proces párování.	Das Headset befindet sich im Bluetooth-Kopplungsmodus. Suchen Sie den Namen dieses Headsets in der Liste der Bluetooth-Geräte in der Nähe und starten Sie den Kopplungsvorgang.	El auricular se encuentra en el modo de emparejamiento Bluetooth. Busque el nombre de este auricular en la lista Bluetooth de dispositivos cercanos e inicie el proceso de emparejamiento.	Kuulokkeet ovat Bluetooth-pariliitostilassa. Löydä tämän kuulokkeen nimi Bluetooth-luettelon lähistöllä olevista laitteista ja käynnistä pariliitosprosessi.	Le casque est en mode appairage Bluetooth. Recherchez le nom de ce casque dans la liste des appareils Bluetooth à proximité et lancez le processus d'appairage.	Le cuffie sono in modalità di associazione Bluetooth. Trovare il nome di queste cuffie nell'elenco Bluetooth dei dispositivi nelle vicinanze e avviarre il processo di associazione.	ヘッドセットはBluetoothペアリングモードです。接続したいデバイスで、周辺にあるBluetooth接続が可能な機器一覧からこのヘッドセットを見つけてペアリングを開始してください。	헤드셋이 블루투스 페어링 모드에 있습니다. 주변에 있는 장치의 블루투스 목록에서 이 헤드셋의 이름을 찾아 페어링을 시작하십시오.	De headset is in de Bluetooth-koppelingsmodus. Zoek de naam van deze headset in de Bluetooth-lijst van apparaten in de buurt en start het koppelingsproces.	Hodesettet er i Bluetooth-paringsmodus. Finn navnet til hodesettet i listen over Bluetooth-enheter i nærheten, og start med paring.	Os auscultadores estão em modo de emparelhamento Bluetooth. Encontre o nome dos auscultadores na lista Bluetooth dos dispositivos nas proximidades e inicie o processo de emparelhamento.	Гарнитура находится в режиме сопряжения Bluetooth. Найдите имя этой гарнитуры в списке ближайших устройств Bluetooth и начните процесс сопряжения.	Headsetet är i Bluetooth-länkningsläge. Sök upp headsetets namn i Bluetooth-listan över enheter i närheten och påbörja länkningen.	Kulaklık Bluetooth eşleştirme modunda. Yakındaki cihazların Bluetooth listesinde bu kulaklığın adını bulun ve eşleştirme işlemini başlatın.	耳机已进入蓝牙配对模式。您可以在周围设备的蓝牙列表中找到此耳机名称并进行配对。	耳機已進入藍牙配對模式。您可以在周圍裝置的藍牙列表中找到此耳機名稱並進行配對。							